absint,absintha
acetat,acetatna
acetat,aceto
agar,agar
agar,agarja
agava,agavin
agava,agavinega
ajda,ajda
ajda,ajde
ajda,ajdova
ajda,ajdove
ajda,ajdovih
ajvar,ajvar
ajvar,ajvarja
maslo,alergik
alga,alge
alkohol,alkohola
alkohol,alkoholni
amarena,amareta
amarena,amaretta
amarena,amaretto
ananas,ananas
ananas,ananasa
ananas,ananasov
ananas,ananasova
ananas,ananasove
ananas,ananasovega
ananas,ananasovi
ananas,ananasovih
arašid,arašidi
arašid,arašidov
arašid,arašidovega
arašid,arašidovo
riž,arborio
artičoke,artičok
artičoke,artičoke
avokado,avokada
avokado,avokado
babmus,bambusovega
bambus,bambusovih
banana,banan
banana,banana
čokoladna-bananica,banance
banana,banane
banana,banani
čokoladna-bananica,bananic
čokoladna-bananica,bananice
banana,bananin
banana,bananina
banana,bananine
banana,bananinega
banana,bananini
banana,bananino
banana,banano
banana,bananovi
vino,barbere
testenine,barilla
riž,basmati
bazilika,bazilika
bazilika,bazilike
bazilika,baziliko
jajce,beljak
jajce,beljaka
jajce,beljake
jajce,beljaki
jajce,beljakov
beluši,belušev
beluši,beluši
bešamel,bešamel
bešamel,bešamela
bešamel,bešamelne
bezeg,bezeg
bezeg,bezga
bezeg,bezgovega
bezeg,bezgovih
bezeg,bezgovo
bikarbona,bikarbona
bikarbona,bikarbone
biskvit,biskvit
biskvit,biskvita
biskvit,biskviti
biskvit,biskvitkov
biskvit,biskvitna
biskvit,biskvitne
biskvit,biskvitni
biskvit,biskvitnih
biskvit,biskvitno
biskvit,biskvitu
blitva,blitva
blitva,blitve
bonbon,bomboni
bonbon,bonbončki
bonbon,bonboni
bonbon,bonbonov
borovnica,borovnic
borovnica,borovnica
borovnica,borovnice
borovnica,borovničev
borovnica,borovničeva
borovnica,borovničevca
borovnica,borovničeve
borovnica,borovničevega
borovnica,borovničevi
borovnica,borovniščica
bourbon,bourbon
riba,brancin
riba,brancina
breskev,breskev
breskev,breskov
breskev,breskove
breskev,breskovega
breskev,breskve
breskev,breskvi
brin,brinove
brin,brinovi
brin,brinovih
brokoli,brokoli
brokoli,brokolija
brokoli,brokolijevih
brstični-ohrovt,brstičnega
brusnica,brusnic
brusnica,brusnice
brusnica,brusnična
brusnica,brusnične
brusnica,brusničnega
brusnica,brusnični
buča,buč
buča,buča
buča,buče
buča,bučk
buča,bučka
buča,bučke
buča,bučki
buča,bučna
buča,bučnega
buča,bučnice
buča,bučnih
buča,bučno
burek,burek
vino,cabernet
čaj,čaj
čaj,čaja
čaj,čajnega
kava,cappuccino
testenine,carloni
kajenski-poper,cayenski
čebula,čebul
čebula,čebula
čebula,čebula.
čebula,čebula'
čebula,čebulčkov
čebula,čebule
čebula,čebuli
čebula,čebulic
čebula,čebulica
čebula,čebulice
čebula,čebulici
čebula,čebulne
čebula,čebulo
čemaž,čemaž
čemaž,čemaža
čemaž,čemaževih
česen,česen
češnja,češenj
česen,česna
češnja,češnja
češnja,češnjah
češnja,češnjak
češnja,češnje
češnja,češnjev
češnja,češnjeva
češnja,češnjevca
češnja,češnjevcev
češnja,češnjevci
češnja,češnjeve
češnja,češnjevec
češnja,češnjevega
češnja,češnjevi
češnja,češnjevih
česen,česnom
česen,česnov
česen,česnovega
češnja,češpelj
jabolko,čežane
sir,cheddar
sir,cheese
chia,chia
čili,chili
čičerika,čičerika
čičerika,čičerike
čičerika,čičerikine
čičerika,čičerke
čili,čili
čili,čilija
čili,čilijev
čili,čiliji
cimet,cimet
cimet,cimeta
cimet,cimetova
cimet,cimetove
čips,čips
čips,čipsa
limona,citronata
limona,citronke
limona,citronkine
limona,citronske
kakav,coca
čokolada,čokolada
čokolada,čokolade
čokolada,čokoladi
čokolada,čokoladice
čokolada,čokoladna
čokolada,čokoladne
čokolada,čokoladnega
čokolada,čokoladni
čokolada,čokoladnih
čokolada,čokoladno
čokolada,čokolado
kola,cole
koruza,con
koruza,corn
panna-cotta,cotta
sir,cottage
curry,curry
curry,currya
curry,curryja
cvetača,cvetača
cvetača,cvetače
školjka,dagenj
moka,dagmoke
datelj,dateljnov
datelj,datljev
datelj,datlji
jabolko,delišes
divjačina,divjačine
divjačina,divjačinskega
sol,dosolimo
sol,dosolit
sol,dosoljevanje
drobnjak,drobnjak
drobnjak,drobnjaka
drobtina,drobtin
drobtina,drobtine
drobtina,drobtinic
drobtina,drobtinice
marmelada,džem
marmelada,džema
sir,edamca
sir,edamec
jabolko,elstar
sir,ementalca
sir,ementaler
sir,ementalerja
melona,endivija
melona,endivije
kvas,fala
fanta,fant
fanta,fanta
fanta,fante
feferon,feferon
feferon,feferona
feferon,feferonček
feferon,feferoni
feferon,feferonov
sir,feta
figa,fig
figa,fige
losos,fileja
fižol,fižol
fižol,fižola
fižol,fižoli
fižol,fižolice
fižol,fižolom
fižol,fižolov
fižol,fižolove
fižol,fižolovega
fižol,fižolovo
sir,fontina
sir,fraiche
sladkor,fruktoze
puding,galetta
gamber,gamber
gamber,gamberi
gamber,gamberov
sir,gauda
sir,gaude
sir,gavda
sir,gavde
pesto,genovese
glazura,glazura
glazura,glazure
glazura,glazuro
puding,glutena
goba,gob
goba,gobe
goba,gobi
goba,gobic
goba,gobice
goba,gobjih
goba,gobove
goji,goji
golaž,golaž
gomolj,gomolj
gomolj,gomolja
gomolj,gomoljaste
gomolj,gomolje
gomolj,gomoljev
gomolj,gomoljeve
gomolj,gomolji
gomolj,gomoljiki
gomolj,gomoljk
gomolj,gomoljna
gomolj,gomoljne
gorčica,gorčica
gorčica,gorčice
gorčica,gorčična
gorčica,gorčičnega
gorčica,gorčičnih
gorčica,gorčično
čokolada,gorenjka
sir,gorgonzola
sir,gorgonzola...
sir,gorgonzole
sir,gorgonzole-sira
meso,gosja
meso,govedina
meso,govedine
meso,goveja
meso,goveje
meso,govejega
meso,goveji
meso,govejih
meso,govejo
grah,grah
grah,graha
grah,graham
sir,grana
granatno-jabolko,granatnega
jabolko,granny
grenivka,grenivka
grenivka,grenivke
sir,grojer
grozdje,grozd
grozdje,grozdja
grozdje,grozdje
grozdje,grozdnega
grozdje,grozdnih
gustin,gustin
gustin,gustina
gustin,gusto
hanabero,habanero
hamburger,hamburger
hobotnica,hobotnica
hobotnica,hobotnice
hren,hren
hren,hrena
hrenovka,hrenovk
hrenovka,hrenovka
hrenovka,hrenovke
hrenovka,hrenovki
hruška,hrušk
hruška,hruška
hruška,hruškami
hruška,hruške
hruška,hruški
hruška,hruškinih
hruška,hruškov
hruška,hruškova
hruška,hruškovega
hruška,hruškovo
jabolko,idared
inčun,inčun
inčun,inčuna
inčun,inčuni
inčun,inčunov
ingver,ingver
ingver,ingverja
ingver,ingverjeve
jabolko,jabolčna
jabolko,jabolčne
jabolko,jabolčnega
jabolko,jabolčni
jabolko,jabolčnih
jabolko,jabolčnik
jabolko,jabolčnika
jabolko,jabolčnim
jabolko,jabolk
jabolko,jabolk-narezane
jabolko,jabolk*
jabolko,jabolka
jabolko,jabolki
jabolko,jabolkih
jabolko,jabolko
piškot,jaffa
meso,jagnječje
meso,jagnjetine
jagoda,jagod
jagoda,jagod.
jagoda,jagoda
jagoda,jagodami
jagoda,jagode
jagoda,jagoden
jagoda,jagodi
jagoda,jagodičastega
jagoda,jagodičevja
jagoda,jagodičevje
jagoda,jagodičja
jagoda,jagodinega
jagoda,jagodna
jagoda,jagodne
jagoda,jagodnega
jagoda,jagodni
jagoda,jagodno
jagoda,jagodov
jagoda,jagodova
jagoda,jagodove
jagoda,jagodovega
jagoda,jagodovih
jajce,jajc
jajce,jajc+5
jajce,jajca
jajce,jajce
jajce,jajcem
jajčevec,jajčevca
jajčevec,jajčevcev
jajčevec,jajčevci
jajčevec,jajčevec
jajce,jajci
jajce,jajčka
jajce,jajčki
jajce,jajčna
jajce,jajčne
jajce,jajčnega
jajce,jajčni
jajce,jajčnih
jalapeno,jalapeno
janež,janež
janež,janeža
janež,janeževa
janež,janeževega
janež,janeževih
javor,javorjev
javor,javorjevega
javor,javorovega
ječmen,ječmena
divjačina,jelenovega
ješprenj,ješprena
ješprenj,ješprenja
meso,jeter
meso,jetra
meso,jetrc
meso,jetrca
meso,jetrne
jogurt,jogurov
jogurt,jogurovega
jogurt,jogurt
jogurt,jogurta
jogurt,jogurte
jogurt,jogurti
jogurt,jogurtna
jogurt,jogurtnega
jogurt,jogurtove
jogurt,jogurtovi
jogurt,jogurtovih
jogurt,jogurtovo
jabolko,jonagold
sir,jošt
sir,jošta
juha,juha
juha,juhe
juha,juhi
juha,juho
goba,jurček
goba,jurčki
goba,jurčkov
jušna-osnova,jušna
jušna-osnova,jušne
jušna-osnova,jušni
jušna-osnova,jušnih
jušna-osnova,jušno
sir,kačkaval
kajenski-poper,kajenskega
kajenski-poper,kajenski
sir,kajmak
sir,kajmaka
kakav,kakao
kakav,kakav
kakav,kakava
kakav,kakavom
kakav,kakavov
kakav,kakavova
kakav,kakavove
kakav,kakavovega
kakav,kakavovih
kaki,kaki
kaki,kakija
kaki,kakijev
lignji,kalamarov
kalček,kalčki
vinski-kamen,kamen
vinski-kamen,kamna
kanelon,kanelonov
kaper,kaper
čokolada,kapljice
kaper,kapre
kava,kapučina
karamela,karamel
karamela,karamele
karamela,karameliziranih
karamela,karamelnega
karamela,karamelni
kardamon,kardamom
kardamon,kardamoma
kardamon,kardamona
curry,kareja
curry,karija
čebula,kašo
kava,kava
kava,kave
kaviar,kaviar
kaviar,kaviarja
kava,kavnega
kava,kavnih
kava,kavo
kečap,kečap
kečap,kečapa
mleko,kefirja
piškot,kekse
piškot,keksi
piškot,keksov
kečap,ketchup
kečap,ketchupa
kis,kis
kis,kisa
kis,kisom
kis,kisove
kis,kisu
kivi,kivi
kivi,kivija
kivi,kivijev
kivi,kiviji
školjka,klapavic
klinček,klinček
klinček,klinčka
klinček,klinčki
klinček,klinčkov
klobasa,klobas
klobasa,klobasa
klobasa,klobase
klobasa,klobasi
juha,knorr
kokos,kokos
kokos,kokosa
kokoš,kokošja
koleraba,kokošje
kokos,kokosom
kokos,kokosov
kokos,kokosova
kokos,kokosove
kokos,kokosovega
kokos,kokosovege
kokos,kokosovi
kokos,kokosovih
kokos,kokosovimi
kokos,kokosovo
koleraba,koleraba
koleraba,kolerabe
koleraba,kolerabi
koleraba,kolerabica
koleraba,kolerabice
kompot,kompot
kompot,kompota
konjak,konjak
konjak,konjaka
konoplja,konopljine
konoplja,konopljinega
konoplja,konopljinih
koper,koper
koper,koperca
koper,kopra
koper,koprc
koper,koprca
kopriva,kopriv
kopriva,koprive
koper,koprovih
korenje,koren
korenje,korena
korenje,korenček
korenje,korenčka
korenje,korenčki
korenje,korenčkov
korenje,koreni
peteršilj,korenina
korenje,korenja
korenje,korenjčka
korenje,korenje
koriander,koriander
koriander,koriandra
koriander,koriandrova
koriander,koriandrove
koriander,koriandrovega
koriander,koriandrovi
koriander,koriandrovih
koromač,koromač
koromač,koromača
koruza,koruza
koruza,koruze
koruza,koruzna
koruza,koruzne
koruza,koruznega
koruza,koruzni
koruza,koruznih
kosmiči,kosmičev
kosmiči,kosmiči
šunka,kosov
kost,kost
kostanj,kostanja
kostanj,kostanjev
kostanj,kostanjevega
kostanj,kostanji
kost,kosti
kost,kostjo
kost,kostmi
kost,kostne
kozica,kozic
kozica,kozice
meso,krača
meso,krače
riba,krap
piškot,krekerjev
piškot,krekerji
kreša,kreše
krompir,krompir
krompir,krompirček
krompir,krompirčka
krompir,krompirčki
krompir,krompirčkov
krompir,krompirja
krompir,krompirje
krompir,krompirjev
krompir,krompirjeva
krompir,krompirjeve
krompir,krompirjevega
krompir,krompirjevi
krompir,krompirjevih
krompir,krompirjevke
krompir,krompirjevo
krompir,krompirov
krompir,kromprirjev
čebula,krožnik
kruh,kruh
kruh,kruha
kruh,kruha/lahko
kruh,kruhki
kruh,kruhove
kruh,kruhovih
meso,krvavica
kumara,kumar
kumara,kumara
kumara,kumare
kumara,kumari
kumara,kumaric
kumara,kumarica
kumara,kumarice
kumara,kumarici
kumina,kumin
kumina,kumina
kumina,kumine
meso,kunca
kurkuma,kurkuma
kurkuma,kurkume
kuskus,kuskus
kuskus,kuskusa
kutina,kutin
kutina,kutine
kvas,kvas
kvas,kvasa
kvas,kvasec
kvas,kvašeno
kvinoja,kvinoje
lan,lana
lan,lanena
lan,lanenega
lan,lanenih
lan,laneno
lazanja,lazanje
lazanja,lazanjo
leča,leča
leča,leče
lešnik,lešnike
lešnik,lešniki
lešnik,lešnikov
lešnik,lešnikova
lešnik,lešnikove
lešnik,lešnikovega
lešnik,lešnikovih
lignji,lignjev
lignji,lignji
liker,liker
liker,likerja
limeta,limet
limeta,limeta
limeta,limete
limeta,limeti
limeta,limetin
limeta,limetinega
limeta,limetini
limona,limon
limona,limona
limona,limone
limona,limoni
limona,limonin
limona,limonina
limona,limonine
limona,limoninega
limona,limoninim
limona,limonino
limona,limonovega
čokolada,linolade
goba,lisičk
sir,livada
sir,livade
losos,losos
losos,lososa
losos,lososovega
losos,lososovi
lovor,lovor
lovor,lovora
lovor,lovorja
lovor,lovorjev
lovor,lovorjeva
lovor,lovorjevega
lovor,lovorjevi
lovor,lovorjevih
lovor,lovorov
lovor,lovorova
lovor,lovorovi
lovor,lovorovih
lubenica,lubenica
lubenica,lubenice
luštrek,luštrek
luštrek,luštreka
maffin,mafine
juha,maggi
majaron,majaron
majaron,majarona
majoneza,majoneza
majoneza,majoneze
mak,mak
mak,maka
testenine,makaroni
testenine,makaronov
melancan,malancan
melancan,malancana
melancan,malancani
melancan,malancanov
malibu,malibuja
jabolko,malih
malina,malin
malina,malin/malinin
malina,malina
malina,maline
malina,malinin
malina,malinina
malina,malinine
malina,malininega
malina,malinov
malina,malinova
malina,malinovca
malina,malinovcem
malina,malinove
malina,malinovec
malina,malinovega
malina,malinovi
vino,malvazije
mandarina,mandarin
mandarina,mandarine
maffin,mandarini
mandelj,mandeljni
mandelj,mandeljnov
mandelj,mandlje
mandelj,mandljev
mandelj,mandljeva
mandelj,mandljeve
mandelj,mandljevega
mandelj,mandljevi
mandelj,mandljevih
mandelj,mandlji
mango,manga
mango,mangi
mango,mango
mango,mangoti
mango,mangovega
čokolada,manner
marcipan,marcipan
marcipan,marcipana
marcipan,marcipanove
marelica,marelic
marelica,marelica
marelica,marelicami
marelica,marelice
marelica,marelici
marelica,marelična
marelica,marelične
marelica,mareličnega
marelica,marelični
margarina,margarina
margarina,margarine
margarina,margarini
margarina,margarino
margarina,margarinski
marinada,marinada
marinada,marinade
marinada,marinado
marmelada,marmelada
marmelada,marmelade
marmelada,marmelado
masala,marsale
masala,masala
masala,masale
mascarpone,mascarpone
mascarpone,mascarponeja
šunka,maščobe
mascarpone,maskarpone
mascarpone,maskarponeja
maslo,masla
maslo,masli
maslo,maslo
maslo,maslo..
maslo,maslom
maslo,maslu
med,meda
medenjak,medenjake
mediteranske-začimbe,mediteran
mediteranske-začimbe,mediteranska
mediteranske-začimbe,mediteranske
mediteranske-začimbe,mediteranskih
med,medu
melancan,melancan
melancan,melancana
melancan,melancane
melancan,melancani
melisa,melisa
melisa,melise
melona,melona
melona,melone
vino,merlota
meso,mesa
masala,mesala
meso,mesna
meso,mesnati
meso,mesnatih
meso,mesne
meso,mesni
meso,meso
meso,mesom
meta,meta
meta,mete
meta,metin
meta,metinih
mezga,mezga
mezga,mezge
mezga,mezgo
čokolada,milka
maslo,mlečne
mleko,mlečnega
mleko,mlečni
mleko,mleka
mleko,mleka+1
mleko,mleka+6
mleko,mleko
mleko,mlekom
mleko,mleku
mlinci,mlinci
moka,mlinotestovo
sir,mocarela
sir,mocarele
moka,mok
moka,moka
moka,mokasta
moka,mokastega
moka,moke
moka,moke-gladke
moka,moke*
moka,mokepol
moka,mokepriporočam
moka,moki
moka,moknatega
moka,moko
mortadela,mortadele
motovilec,motovilca
motovilec,motovilec
sir,mozarella
sir,mozzarela
sir,mozzarele
sir,mozzarella
sir,mozzarelle
mrvica,mrvic
mrvica,mrvice
muffin,mufine
muškat,muškat
muškat,muškatne
muškat,muškatnega
muškat,muškatni
muškat,muškatov
muškat,muškatovega
kosmiči,muslijev
nacho,nacho
nagelj,nageljnove
nagelj,nageljnovi
nagelj,nageljnovih
napolitanka,napolitank
napolitanka,napolitanke
sol,nasoljene
jagoda,natureta
nektarina,nektarin
nektarina,nektarina
nektarina,nektarine
kava,nescafeja
svaljki,njoki
svaljki,njokov
sladkor,nsladkor
lešnik,nugat
lešnik,nugata
lešnik,nugatove
nutela,nutela
nutela,nutele
nutela,nutella
nutela,nutelle
nutela,nuttele
oblat,oblat
oblat,oblata
oblat,oblate
oblat,oblati
oblat,oblatov
ocvirek,ocvirki
ocvirek,ocvirkov
ohrovt,ohrovt
ohrovt,ohrovta
ohrovt,ohrovtovih
kis,okisamo
kis,okisana
oliva,oliv
oliva,oliva
oliva,olivami
oliva,olive
oliva,olivega
oliva,olivenga
oliva,olivici
oliva,olivne
oliva,olivnega
oliva,olivnego
oliva,olivnem
oliva,olivnim
oliva,olivno
olje,olja
oliva,oljčnega
oliva,oljčnem
oliva,oljčno
olje,olje
olje,oljem
olje,olju
omaka,omake
riba,orada
fanta,oranžata
origano,oregana
oreh,oreh
oreh,oreha
oreh,orehe
oreh,orehi
oreh,orehov
oreh,orehova
oreh,orehovčki
oreh,orehove
oreh,orehovega
oreh,orehovi
oreh,orehovih
oreh,orehovo
oreh,orehovske
piškot,oreo
oreščki,orešček
oreščki,oreščka
oreščki,oreščki
oreščki,oreščkov
oreščki,orešek
oreščki,oreška
oreščki,oreškov
origano,origana
origano,origano
riba,osliča
sol,osoljena
sol,osoljene
sol,osoljenega
školjka,ostrigarjev
školjka,ostrigine
školjka,ostrigove
kosmiči,otrobov
ovca,ovčetine
oves,ovsene
oves,ovseni
oves,ovsenih
sir,padana
sir,padano
palačinke,palačink
palačinke,palačinke
panceta,panceta
panceta,pancete
panna-cotta,panna
paprika,papričic
paprika,paprik
paprika,paprika
paprika,paprike
paprika,papriki
paprika,papriko
paprika,paprikova
voda,para
paradižnik,paradižmikove
paradižnik,paradižnički
paradižnik,paradižničkov
paradižnik,paradižnik
paradižnik,paradižnik-
paradižnik,paradižnika
paradižnik,paradižnike
paradižnik,paradižniki
paradižnik,paradižnikov
paradižnik,paradižnikova
paradižnik,paradižnikove
paradižnik,paradižnikovega
paradižnik,paradižnikovi
paradižnik,paradižnikovih
paradižnik,paradižnikovo
sir,parmezan
sir,parmezana
sir,parmezanov
sir,parmezanova
sir,parmezanski
sir,parmigiano
pašteta,pašteta
pašteta,paštete
pecilni-prašek,pecilna
pecilni-prašek,pecilnega
pecilni-prašek,pecilni
pecilni-prašek,pecilni-prašek
pecilni-prašek,pecilnim
pecilni-prašek,pecilnima
pecivo,peciva
pecivo,pecivo
sir,pecorino
pehtran,pehtran
pehtran,pehtrana
paradižnik,pelati
paradižnik,pelatov
penina,penine
testenine,peresniki
testenine,peresnikov
testenine,perle
kokoš,perutničk
kokoš,perutnine
kokoš,perutnino
kokoš,perutninske
pesa,pesa
jabolko,peščišča
pesa,pese
jabolko,pešk
pesto,pesta
pesto,pesto
peteršilj,peteršilj
peteršilj,peteršilja
peteršilj,peteršiljev
peteršilj,peteršiljeva
peteršilj,peteršiljeve
peteršilj,peteršiljevega
peteršilj,peteršiljevo
peteršilj,petršilj
peteršilj,petršilja
pica,pica
pica,pico
pinjola,pinjol
pinjola,pinjole
pira,pirina
pira,pirine
pira,pirinega
pira,pirinih
kokoš,piščanca
kokoš,piščančja
kokoš,piščančje
kokoš,piščančjega
kokoš,piščančji
kokoš,piščančjih
kokoš,piščanec
piškot,piškote
piškot,piškoti
piškot,piškotne
piškot,piškotnih
piškot,piškotov
pistacija,pistacij
pistacija,pistacije
jabolko,pita
pita,pito
pivo,piva
pivo,pivo
pivo,pivom
pivo,pivskega
pica,pizza
pica,pizzo
datelj,plast
meso,pleča
meso,plečeta
plesen,plesnijo
meso,pljučne
juha,podravka
polenta,polenta
polenta,polente
salama,poli
testenine,polžev
testenine,polžki
testenine,polžkov
pomaranča,pomaranč
pomaranča,pomaranča
pomaranča,pomaranče
pomaranča,pomaranči
pomaranča,pomarančna
pomaranča,pomarančne
pomaranča,pomarančnega
pomaranča,pomarančni
pomaranča,pomarančnih
moka,pomokanje
moka,pomokat
poper,poper
poper,popra
poper,poprov
poper,poprova
poper,poprove
poper,poprovih
por,por
por,pora
por,pori
por,porov
vino,porta
sol,posolimo
sol,posoljena
sol,posoljene
sol,posoljeno
riba,postrv
riba,postrvi
potica,potico
meso,prašiča
jajce,premaz
prepečenec,prepečenca
prepečenec,prepečenec
provansalske-začimbe,provansa
provansalske-začimbe,provansalska
provansalske-začimbe,provansalske
provansalske-začimbe,provansalske-začimbe
provansalske-začimbe,provansalski
provansalske-začimbe,provansalskih
provansalske-začimbe,provansanska
provansalske-začimbe,provanse
meso,prs
meso,prsa
meso,prsi
pršut,pršut
pršut,pršuta
pšenica,pšenična
pšenica,pšenične
pšenica,pšeničnega
pšenica,pšenični
pšenica,pšeničnih
puding,puding
puding,pudinga
puding,pudingi
puding,pudingž
meso,purana
meso,puranja
meso,puranje
meso,puranjega
meso,puranji
meso,puranjih
meso,puranovega
meso,puranovih
rabarbara,rabarbare
meso,raca
meso,račje
voda,radenske
radič,radič
radič,radiča
rakci,rakcev
rakci,rakovih
testenine,raviolov
meso,ražnjiče
meso,rebrc
meso,rebrca
čokolada,rebri
maslo,recept
redkev,redkev
redkev,redkvic
redkev,redkvica
redkev,redkvice
vino,refoška
sir,reggiano
regrad,regrat
regrad,regrata
regrad,regratovih
meso,rep
repa,repa
repa,repe
repica,repica
repica,repičnega
repica,repično
repa,repinega
testenine,rezance
testenine,rezancev
testenine,rezanci
riba,rib
riba,riba
sir,riban
sir,ribanega
riba,ribe
ribez,ribez
ribez,ribeza
ribez,ribezova
ribez,ribezove
ribez,ribezovega
meso,ribica
meso,ribice
riba,ribja
riba,ribje
riba,ribjega
riba,ribji
riba,ribjih
sir,ricotta
sir,ricotte
sir,rikote
sliva,ringloja
riž,riž
riž,riža
riž,riža/rižota
riž,rižek
riž,rižev
riž,riževa
riž,riževe
riž,riževega
riž,riževi
riž,riževih
riž,riževo
riž,rižote
riž,rižoto
robida,robidnic
sir,roquefort
rozina,rozin
rozina,rozine
rožmarin,rožmarin
rožmarin,rožmarina
rožmarin,rožmarinovih
rukola,rukola
rukola,rukole
rum,rum
rum,ruma
čebula,rumene
jajce,rumenjak
jajce,rumenjaka
jajce,rumenjake
jajce,rumenjaki
jajce,rumenjakov
jabolko,rumeno
rum,rumom
rum,rumov
rum,rumova
rum,rumove
rum,rumovega
rum,rumu
rž,ržene
sadje,sadežev
sadje,sadeži
sadje,sadja
sadje,sadje
sadje,sadjevca
sadje,sadna
sadje,sadne
sadje,sadnega
sadje,sadni
alkohol,sakeja
salama,salama
salama,salame
goba,šalotk
goba,šalotka
goba,šalotke
goba,šalotki
salsa,salsa
salsa,salse
šampanjec,šampanjca
goba,šampinjoni
goba,šampinjonov
riba,sardel
riba,sardele
riba,sardelic
riba,sardelni
riba,sardelnih
riba,sardin
riba,sardine
šetraj,šetraj
šetraj,šetraja
sezam,sezam
sezam,sezama
sezam,sezamova
sezam,sezamove
sezam,sezamovega
sezam,sezamovih
sezam,sezamovo
lignji,sipe
sir,sir
sir,sir/parmezan
sir,sira
sir,sira-gauda
sir,sira-kačkaval
sir,sira:
sir,sirček
sir,sirčka
sir,sirčki
sir,sirčkov
sir,siri
sir,sirnega
sir,sirni
sirotka,sirotke
sir,sirov
sirup,sirup
sirup,sirupa
goba,šitake
škamp,škamp
škamp,škampi
škamp,škampkov
škamp,škampov
škamp,škampova
škamp,škampove
škamp,škampovega
škamp,škampovi
škamp,škampovih
školjka,školj
školjka,školjk
školjka,školjka
školjka,školjke
školjka,školjko
škrob,škrob
škrob,škroba
škrob,škrobne
riba,skuš
riba,skuše
skuta,skuta
skuta,skute
smetana,sl.smetana
sadje,sladico
sladkor,sladila
sladkor,sladilo
sladkor,sladkor
sladkor,sladkora
sladkor,sladkoraja
sladkor,sladkorčki
sladkor,sladkorčkov
sladkor,sladkorj
sladkor,sladkorja
sladkor,sladkorja+6
sladkor,sladkorje
sladkor,sladkorjem
sladkor,sladkorjev
sladkor,sladkorji
sladkor,sladkorka
sladkor,sladkornega
sladkor,sladkorni
sladkor,sladkornih
sladoled,sladoled
sladoled,sladoleda
smetana,šlag
sol,slan
sol,slana
sol,slane
sol,slanega
sol,slani
sol,slanice
sol,slanici
sol,slanih
riba,slanikov
slanina,slanina
slanina,slanine
sliva,sliv
sliva,sliva
sliva,slive
sliva,slivi
sliva,slivov
sliva,slivova
sliva,slivove
sliva,slivovega
sliva,slivovka
sliva,slivovke
bonbon,smarties
smetana,smetan
smetana,smetana
smetana,smetane
smetana,smetani
smetana,smetanje
smetana,smetano
smetana,smetanov
smetana,smetanova
smetana,smetanovega
smetana,smetanovi
smetana,smetanovih
jajce,sneg
jabolko,sočnih
bikarbona,soda
bikarbona,sode
soja,soje
soja,sojina
soja,sojine
soja,sojinega
soja,sojini
soja,sojinih
soja,sojino
sok,sok
sok,soka
sok,sokom
sok,soku
sol,sol
solata,solata
solata,solate
solata,solatna
solata,solatne
solata,solatnega
solata,solatni
solata,solatnih
solata,solatno
solata,solato
sol,soli
sol,solim
sol,solimo
sol,soline
sol,soliti
sol,solitra
sol,soljene
sol,soljenega
sol,soljeni
sol,soljenih
sol,soljo
sol,solne
sol,solnega
sol,solni
sol,solno
sončnica,sončnic
sončnica,sončnica
sončnica,sončnice
sončnica,sončnična
sončnica,sončničnega
sončnica,sončničnem
sončnica,sončničnih
sončnica,sončnično
testenine,špageti
testenine,špagetov
špargel,špargljev
špargel,šparglji
špeh,špeha
špinača,špinača
špinača,špinače
špinača,špinačnih
meso,srca
divjačina,srne
divjačina,srninega
meso,steaki
meso,stegen
meso,stegna
meso,stegno
sladkor,stevia
sladkor,stevie
goba,štorovk
fižol,stročjega
fižol,stročji
kruh,štruca
kruh,štruce
kruh,štručka
kruh,štručke
šunka,šunka
šunka,šunkarice
šunka,šunke
šunka,šunko
suši,suši
testenine,svedrčkov
meso,svinine
meso,svinjine
meso,svinjska
meso,svinjske
meso,svinjskega
meso,svinjski
meso,svinjskih
meso,svinjsko
moka,t500
tabasko,tabasco
tabasko,tabaska
tabasko,tabasko
tamar,tamar
tapioka,tapioke
tartufi,tartufate
tartufi,tartufi
tartufi,tartufov
tatarska,tatarska
teletina,telečja
teletina,telečje
teletina,telečjega
teletina,telečji
teletina,telečjih
teletina,teletine
vino,teran
vino,terana
vino,terana/refoška
vino,teranovega
terijaki,teriyaki
testo,testa
testenine,testenin
teletina,testenine
testo,testo
testo,testu
timijan,timijan
timijan,timijana
tiramisu,tiramisu
toast,toast
toast,toasta
tofu,tofu
tofu,tofuja
torta,torta
torta,torte
testenine,tortelini
testenine,tortelinov
jagoda,torti
kruh,tortilj
kruh,tortilje
kruh,tortilji
torta,tortnega
torta,tortni
torta,torto
trava,trava
trava,trave
trta,trte
tržaška,tržaška
riba,tuna
riba,tune
riba,tuni
riba,tunina
riba,tunine
meso,vampov
vanilija,vanili
vanilija,vanilij
vanilija,vanilija
vanilija,vanilije
vanilija,vanilijev
vanilija,vanilijeva
vanilija,vanilijeve
vanilija,vanilijevega
vanilija,vanilijevi
vanilija,vanilijevih
vanilija,vanilijevim
vanilija,vanilijin
vanilija,vanilijina
vanilija,vanilijine
vanilija,vanilijinega
vanilija,vanilijo
vanilija,vanilin
vanilija,vanilina
vanilija,vaniline
vanilija,vanilinega
vanilija,vanilini
vanilija,vanilje
vanilija,vaniljevega
vegeta,vegeta
vegeta,vegete
vegeta,vegeto
vino,vermuta
vino,vina
vinjak,vinjaka
vino,vino
vino,vinske
vino,vinski
vinski-kamen,vinski-kamen
višnja,višenj
viski,viskija
višnja,višnje
višnja,višnjev
višnja,višnjeva
višnja,višnjeve
višnja,višnjevega
voda,voda
voda,vode
voda,vodi
vodka,vodka
vodka,vodke
voda,vodnih
voda,vodo
meso,vrat
meso,vratovine
meso,vratu
žafran,žafran
žafran,žafrana
žafran,žafranika
žafran,žafranike
žajbelj,žajbelj
žajbelj,žajbla
žajbelj,žajblja
žajbelj,žajbljevih
meso,zajca
kakav,zajčkom
meso,zajec
meso,zarebrnice
zaseka,zaseka
zaseka,zaseke
sir,zbrinc
sir,zbrinc-parmezan
sir,zbrinca
sir,zdenka
zdrob,zdrob
zdrob,zdroba
želatina,želatin
želatina,želatina
želatina,želatinafix
želatina,želatinastega
želatina,želatine
želatina,želatini
želatina,želatininih
želatina,želatino
žele,žele
žele,želeja
zelenjave,zelenjava
zelenjava,zelenjave
zelenjava,zelenjavna
zelenjava,zelenjavne
zelenjava,zelenjavni
zelenjava,zelenjavo
žele,želin
žele,želina
zelje,zelja
zelje,zelje
šunka,želje
zelje,zeljna
kruh,žemelj
kruh,žemlja
kruh,žemlje
kruh,žemlji
kruh,žemljic
kruh,žemljice
kruh,žemljici
žganje,žganja
žganje,žganje
žito,žito
meso,zrezek
meso,zrezka
meso,zrezke
meso,zrezki
meso,zrezkov
